City_ID,City,Lat,Lng,Max Temp,Humidity,Cloudiness,Wind Speed,Country,Date
0,nemuro,43.3236,145.575,14.96,82,5,2.72,JP,1724182883
1,tiksi,71.6872,128.8694,3.55,93,100,3.3,RU,1724182884
2,enewetak,11.3474,162.3373,28.33,79,81,6.42,MH,1724182886
3,adamstown,-25.066,-130.1015,17.79,58,99,8.18,PN,1724182888
4,hermanus,-34.4187,19.2345,10.45,84,0,4.47,ZA,1724182889
5,bengkulu,-3.8004,102.2655,23.48,95,99,1.68,ID,1724182890
6,kievka,50.2619,71.5514,14.72,79,100,2.7,KZ,1724182891
7,waitangi,-43.9535,-176.5597,8.79,84,49,5.36,NZ,1724182892
8,puerto ayora,-0.7393,-90.3518,21.97,85,23,3.13,EC,1724182893
9,afaahiti,-17.75,-149.2833,22.89,64,78,13.04,PF,1724182895
10,cabedelo,-6.9811,-34.8339,26.37,80,9,5.18,BR,1724182896
11,arraial do cabo,-22.9661,-42.0278,22.98,83,40,7.72,BR,1724182897
12,taoudenni,22.6783,-3.9836,40.77,20,78,2.44,ML,1724182898
13,jhunjhunun,28.1307,75.4014,29.71,60,37,2.73,IN,1724182899
14,pandan,14.0453,124.1694,26.45,86,100,1.45,PH,1724182900
15,taltal,-25.4,-70.4833,14.52,78,48,3.22,CL,1724182486
16,sayat,38.7839,63.8803,25.34,21,0,5.9,TM,1724182903
17,broceni,56.7,22.5333,14.65,87,87,2.46,LV,1724182904
18,jamestown,42.097,-79.2353,17.79,55,100,5.14,US,1724182832
19,ilulissat,69.2167,-51.1,7.01,61,75,1.54,GL,1724182906
20,margaret river,-33.95,115.0667,12.62,82,74,3.51,AU,1724182907
21,grytviken,-54.2811,-36.5092,-1.02,91,100,5.6,GS,1724182908
22,wailua homesteads,22.0669,-159.378,26.53,77,75,5.66,US,1724182909
23,sao jose da coroa grande,-8.8978,-35.1478,24.54,80,49,2.79,BR,1724182910
24,dalandzadgad,43.5708,104.425,18.31,68,68,1.8,MN,1724182912
25,mount barker,-35.0667,138.8667,11.73,91,100,4.88,AU,1724182914
26,stanley,54.868,-1.6985,13.01,74,20,6.17,GB,1724182915
27,edinburgh of the seven seas,-37.0676,-12.3116,11.13,61,100,12.98,SH,1724182916
28,la'ie,21.6477,-157.9253,27.98,80,6,3.58,US,1724182917
29,hell-ville,-13.4,48.2667,25.34,63,6,3.05,MG,1724182918
30,carbonear,47.7332,-53.2148,25.64,86,46,5.86,CA,1724182920
31,ribeira grande,38.5167,-28.7,27.22,65,20,3.09,PT,1724182921
32,avarua,-21.2078,-159.775,25.03,61,9,5.66,CK,1724182922
33,dunedin,-45.8742,170.5036,9.33,66,16,2.68,NZ,1724182923
34,mount isa,-20.7333,139.5,9.87,57,0,0.0,AU,1724182924
35,pemangkat,1.1667,108.9667,25.96,85,100,1.09,ID,1724182925
36,san pedro pochutla,15.7333,-96.4667,34.28,55,41,3.59,MX,1724182926
37,port-aux-francais,-49.35,70.2167,2.37,75,15,11.75,TF,1724182927
38,edd,13.9297,41.6925,31.21,71,100,3.96,ER,1724182930
39,st. john's,47.5649,-52.7093,26.2,80,40,10.8,CA,1724182142
40,brush,40.2589,-103.6238,33.57,35,0,3.6,US,1724182932
41,apache junction,33.4151,-111.5496,40.7,27,20,2.57,US,1724182933
42,roma,43.2128,-75.4557,17.84,70,100,3.6,US,1724182934
43,fort st. john,56.2499,-120.8529,20.94,49,75,9.26,CA,1724182935
44,thompson,55.7435,-97.8558,25.09,69,75,4.12,CA,1724182936
45,langford,48.4496,-123.5026,18.73,84,75,2.06,CA,1724182801
46,petropavlovsk-kamchatsky,53.0452,158.6483,7.33,100,40,3.0,RU,1724182939
47,el idrissia,34.4454,2.5275,29.63,23,12,1.93,DZ,1724182940
48,calvia,39.5657,2.5062,27.18,79,0,2.2,ES,1724182941
49,kawambwa,-9.7915,29.0791,17.91,35,3,1.37,ZM,1724182942
50,port elizabeth,-33.918,25.5701,16.84,97,1,1.54,ZA,1724182943
51,ulladulla,-35.35,150.4667,14.87,70,100,3.12,AU,1724182944
52,weno,7.4515,151.8468,26.97,89,0,1.54,FM,1724182945
53,isafjordur,66.0755,-23.124,6.27,74,100,2.7,IS,1724182947
54,uliastay,47.7417,96.8444,13.92,64,100,1.85,MN,1724182948
55,hawaiian paradise park,19.5933,-154.9731,29.29,71,89,0.89,US,1724182949
56,miles city,46.4083,-105.8406,31.54,42,0,2.06,US,1724182950
57,papatowai,-46.5619,169.4708,8.56,82,100,5.97,NZ,1724182951
58,gornyy,55.1153,83.9059,14.52,91,100,2.54,RU,1724182952
59,yellowknife,62.456,-114.3525,19.67,75,75,7.2,CA,1724182953
60,punta del este,-34.9667,-54.95,12.06,86,75,5.66,UY,1724182954
61,pangody,65.85,74.4859,12.47,69,92,2.17,RU,1724182956
62,cherdyn',60.403,56.4787,11.84,99,96,0.95,RU,1724182957
63,kodiak,57.79,-152.4072,15.73,44,0,3.6,US,1724182895
64,whitehorse,60.7161,-135.0538,8.43,87,100,5.14,CA,1724182959
65,lihue,21.9789,-159.3672,26.87,76,75,5.66,US,1724182960
66,ushuaia,-54.8,-68.3,6.81,76,20,8.23,AR,1724182962
67,paya,18.25,-70.3,31.89,60,4,7.63,DO,1724182963
68,al jawf,29.5,38.75,30.89,19,4,4.09,SA,1724182965
69,jieyang,23.5289,116.3642,25.14,93,100,1.76,CN,1724182966
70,boa vista,2.8197,-60.6733,32.99,52,75,4.12,BR,1724182923
71,lebu,-37.6167,-73.65,10.06,61,20,5.82,CL,1724182968
72,hattingen,51.4,7.1667,22.23,76,100,4.16,DE,1724182969
73,ta`u,-14.2336,-169.5144,25.91,82,38,10.29,AS,1724182970
74,razdol'noye,45.7708,33.4878,24.25,63,0,3.44,UA,1724182971
75,uturoa,-16.7333,-151.4333,25.54,62,7,11.16,PF,1724182972
76,priozersk,61.0393,30.1291,15.05,88,12,1.62,RU,1724182973
77,talnakh,69.4865,88.3972,12.41,78,42,1.74,RU,1724182975
78,engel's,51.5,46.1167,24.15,42,54,0.89,RU,1724182976
79,chabahar,25.2919,60.643,27.37,82,92,4.23,IR,1724182977
80,west island,-12.1568,96.8225,25.99,89,20,3.6,CC,1724182978
81,joseni,46.7,25.5,16.57,36,0,1.46,RO,1724182979
82,olonkinbyen,70.9221,-8.7187,5.12,90,100,3.61,SJ,1724182980
83,acapulco de juarez,16.8634,-99.8901,30.9,66,40,3.6,MX,1724182981
84,san juan de miraflores,-12.1629,-76.9635,16.29,79,59,3.49,PE,1724182983
85,atafu village,-8.5421,-172.5159,28.07,81,100,11.16,TK,1724182984
86,carutapera,-1.195,-46.02,28.19,71,39,5.46,BR,1724182985
87,sitka,57.0531,-135.33,13.94,77,100,2.57,US,1724182986
88,aasiaat,68.7098,-52.8699,3.16,86,97,2.75,GL,1724182987
89,albany,42.6001,-73.9662,19.89,60,12,1.79,US,1724182697
90,bestobe,52.4994,73.0975,15.92,75,67,3.35,KZ,1724182989
91,north bend,43.4065,-124.2243,25.69,60,75,4.12,US,1724182992
92,soavinandriana,-19.1667,46.7333,9.57,67,0,4.66,MG,1724182993
93,manokwari,-0.8667,134.0833,26.16,84,94,2.08,ID,1724182994
94,evans,33.5337,-82.1307,32.35,55,40,2.06,US,1724182995
95,bethel,41.3712,-73.414,21.4,55,20,5.66,US,1724182997
96,lompoc,34.6391,-120.4579,30.07,46,0,4.63,US,1724182998
97,argo,37.6333,22.7333,26.89,55,10,2.59,GR,1724183000
98,port augusta,-32.5,137.7667,10.26,95,93,2.48,AU,1724183001
99,kovin,44.7475,20.9761,21.99,41,49,2.25,RS,1724183002
100,novodvinsk,64.4165,40.8122,12.86,95,44,3.17,RU,1724183003
101,fortuna,40.5982,-124.1573,23.51,57,0,5.14,US,1724183004
102,esik,43.3552,77.4525,19.92,50,0,2.84,KZ,1724183005
103,salinopolis,-0.6136,-47.3561,27.9,76,38,6.55,BR,1724183006
104,haiku-pauwela,20.9219,-156.3051,28.45,69,20,6.69,US,1724183007
105,iskitim,54.6366,83.3045,15.95,87,97,3.24,RU,1724183009
106,blackmans bay,-43.0167,147.3167,9.29,94,100,3.05,AU,1724183010
107,puerto natales,-51.7236,-72.4875,6.25,61,0,1.03,CL,1724182866
108,antonio enes,-16.2325,39.9086,23.32,75,4,3.8,MZ,1724183012
109,santa luzia,-19.7697,-43.8514,31.5,25,0,1.54,BR,1724183013
110,thinadhoo,0.5333,72.9333,27.88,77,100,7.46,MV,1724183014
111,longyearbyen,78.2186,15.6401,10.91,82,75,4.63,SJ,1724183015
112,vadso,70.0744,29.7487,10.09,87,0,4.63,NO,1724183016
113,bilibino,68.0546,166.4372,6.82,97,100,1.27,RU,1724183018
114,karmaskaly,54.3709,56.1837,16.95,83,100,2.77,RU,1724183019
115,port alfred,-33.5906,26.891,16.21,91,4,4.06,ZA,1724183020
116,miranda do douro,41.4969,-6.2731,25.71,35,0,3.85,PT,1724183021
117,port hedland,-20.3167,118.5667,17.03,88,53,2.57,AU,1724183022
118,ust-nera,64.5667,143.2,12.5,91,100,1.0,RU,1724183023
119,xilin hot,43.9667,116.0333,16.27,98,100,2.56,CN,1724183024
120,east london,-33.0153,27.9116,22.79,34,6,3.84,ZA,1724183025
121,corn island,12.1694,-83.0418,28.99,79,23,6.54,NI,1724182820
122,hithadhoo,-0.6,73.0833,28.31,76,97,5.93,MV,1724183028
123,champerico,14.3,-91.9167,29.2,72,6,2.55,GT,1724183029
124,sur,22.5667,59.5289,27.9,76,48,7.53,OM,1724183030
125,san luis de la loma,17.2706,-100.8939,30.88,66,72,3.98,MX,1724183032
126,punta arenas,-53.15,-70.9167,7.06,65,40,8.75,CL,1724182736
127,tsiombe,-25.3,45.4833,19.35,61,0,5.9,MG,1724183034
128,aykhal,66.0,111.5,11.42,85,100,3.18,RU,1724183035
129,klyuchi,52.2667,79.1667,16.25,87,41,5.54,RU,1724183037
130,joshimath,30.5667,79.5667,16.62,94,94,0.71,IN,1724182556
131,berezovyy,51.6667,135.7,13.57,84,15,2.16,RU,1724183039
132,rongelap,11.1635,166.8941,28.24,78,81,5.67,MH,1724183040
133,quelimane,-17.8786,36.8883,23.97,78,20,2.57,MZ,1724183041
134,slave lake,55.2834,-114.769,22.99,38,0,7.72,CA,1724183042
135,iqaluit,63.7506,-68.5145,13.85,58,75,8.23,CA,1724183043
136,torquay,50.4638,-3.5143,14.86,77,9,6.82,GB,1724183044
137,villa regina,-39.1,-67.0667,2.21,56,100,5.51,AR,1724183045
138,yeppoon,-23.1333,150.7333,17.97,87,93,3.15,AU,1724183047
139,chibougamau,49.9168,-74.3659,17.79,48,40,5.14,CA,1724182527
140,narrabri,-30.3167,149.7833,18.07,72,15,1.79,AU,1724183049
141,withernsea,53.7311,0.0335,16.64,59,5,8.13,GB,1724183050
142,college,64.8569,-147.8028,8.99,72,75,6.69,US,1724183051
143,schuylkill haven,40.6307,-76.1711,19.89,59,0,2.68,US,1724183052
144,axim,4.8699,-2.2405,23.96,90,100,3.29,GH,1724183053
145,fisterra,42.9049,-9.2629,18.72,82,100,10.03,ES,1724183054
146,kariba,-16.5167,28.8,19.73,43,0,1.53,ZW,1724183056
147,lakhtar,22.85,71.7833,30.13,66,94,3.12,IN,1724183057
148,anadyr,64.75,177.4833,8.28,87,100,12.0,RU,1724183058
149,chonchi,-42.6128,-73.8092,12.29,63,89,0.5,CL,1724182461
150,crikvenica,45.1772,14.6928,26.11,61,0,2.06,HR,1724183060
151,gunjur,13.2019,-16.7339,27.25,81,100,5.55,GM,1724183061
152,bredasdorp,-34.5322,20.0403,9.31,93,0,2.13,ZA,1724183062
153,kourou,5.1552,-52.6478,28.17,73,59,4.54,GF,1724183063
154,hami,42.8,93.45,29.97,24,100,2.62,CN,1724183064
155,mar del plata,-38.0023,-57.5575,7.19,73,75,7.72,AR,1724183066
156,utrik,11.2278,169.8474,27.95,79,94,5.5,MH,1724183067
157,lumding railway colony,25.749,93.17,23.41,100,100,1.16,IN,1724183068
158,warmbad,-28.45,18.7333,20.72,15,2,4.32,NA,1724183069
159,tvarditsa,42.7,25.9,18.03,69,56,0.52,BG,1724183070
160,bathsheba,13.2167,-59.5167,31.34,66,40,7.2,BB,1724183071
161,nogliki,51.8333,143.1667,15.68,77,100,4.01,RU,1724183072
162,invercargill,-46.4,168.35,7.79,83,90,1.79,NZ,1724183073
163,bodden town,19.2833,-81.25,34.0,49,20,4.63,KY,1724183075
164,roosevelt,33.9668,-103.4505,36.07,14,0,6.54,US,1724182818
165,mahdia,35.5047,11.0622,27.97,60,2,3.54,TN,1724183077
166,wewak,-3.5534,143.6268,26.17,89,97,3.63,PG,1724183078
167,minas de marcona,-15.2119,-75.1103,14.71,70,25,8.78,PE,1724183079
168,iskateley,67.6803,53.1512,6.39,98,43,2.94,RU,1724183080
169,abong mbang,3.9833,13.1833,20.25,98,88,1.18,CM,1724183081
170,happy valley-goose bay,53.3168,-60.3315,13.17,67,75,3.6,CA,1724183082
171,huinan,42.6225,126.2614,22.39,94,100,2.14,CN,1724183083
172,princeville,45.7668,-61.2985,26.41,85,100,7.2,CA,1724183085
173,nadi,-17.8,177.4167,21.0,83,20,0.0,FJ,1724183086
174,revda,56.801,59.9303,11.48,96,100,2.06,RU,1724183087
175,vorgashor,67.5833,63.95,7.22,86,16,1.96,RU,1724183088
176,lata,40.1629,-8.3327,16.15,90,0,1.62,PT,1724183089
177,lorengau,-2.0226,147.2712,27.35,80,36,4.72,PG,1724183090
178,remire-montjoly,4.9167,-52.2667,31.02,70,75,5.66,GF,1724183091
179,san ignacio de velasco,-16.3667,-60.95,37.26,17,1,3.35,BO,1724183092
180,narok,-1.0783,35.8601,17.12,61,99,1.09,KE,1724183093
181,trevelin,-43.0858,-71.4639,7.66,61,93,1.56,AR,1724183095
182,tazovsky,67.4667,78.7,8.27,87,74,1.06,RU,1724183096
183,mongo,12.1844,18.693,24.57,85,100,2.02,TD,1724183097
184,port-vila,-17.7338,168.3219,21.78,100,100,1.54,VU,1724183098
185,lengshuitan,26.4111,111.5956,25.5,90,100,1.54,CN,1724183099
186,gadzhiyevo,69.2551,33.3362,10.52,79,8,2.95,RU,1724183100
187,khandyga,62.6667,135.6,9.47,95,26,0.42,RU,1724183101
188,sangkhla buri,15.1555,98.4536,22.9,99,100,0.3,TH,1724183102
189,ghat,24.9647,10.1728,37.85,11,0,3.02,LY,1724183104
190,grand island,40.925,-98.342,25.97,61,75,7.2,US,1724182994
191,pueblo,38.2545,-104.6091,36.43,39,1,3.75,US,1724183106
192,kapa'a,22.0752,-159.319,27.28,74,75,5.66,US,1724183107
193,hamilton,39.1834,-84.5333,23.21,49,40,7.2,US,1724183106
194,souillac,-20.5167,57.5167,21.21,73,40,6.69,MU,1724183109
195,shar,49.5886,81.0453,19.68,37,54,2.27,KZ,1724183110
196,colonia menno,-22.3667,-59.8167,35.1,28,69,5.12,PY,1724183113
197,dampit,-8.2116,112.7493,18.72,95,34,2.04,ID,1724183114
198,puerto baquerizo moreno,-0.9,-89.6,24.55,61,75,7.72,EC,1724182778
199,saldanha,-33.0117,17.9442,11.03,93,1,4.8,ZA,1724183116
200,hasaki,35.7333,140.8333,25.27,90,45,4.65,JP,1724183117
201,ascension,30.2169,-90.9001,34.49,50,0,2.06,US,1724183118
202,borogontsy,62.6683,131.1683,11.26,98,100,1.66,RU,1724183119
203,kavieng,-2.5744,150.7967,27.16,80,58,4.53,PG,1724183120
204,fabens,31.5023,-106.1586,34.55,18,94,3.5,US,1724183121
205,arkhangel'sk,64.5401,40.5433,13.06,100,40,3.0,RU,1724183123
206,saint-francois,46.4154,3.9054,19.69,71,0,1.03,FR,1724183124
207,merizo village,13.2658,144.6691,25.88,93,99,3.5,GU,1724183125
208,guerrero negro,27.9769,-114.0611,30.62,46,51,4.56,MX,1724183126
209,bodo,67.28,14.405,17.19,67,75,7.2,NO,1724183127
210,qaqortoq,60.7167,-46.0333,6.17,75,2,2.11,GL,1724183128
211,vernon,50.2581,-119.2691,25.97,32,19,1.03,CA,1724182760
212,uray,60.1247,64.7758,16.26,59,97,1.86,RU,1724183130
213,altai,46.3722,96.2583,16.38,56,100,1.89,MN,1724183132
214,opuwo,-18.0607,13.84,21.25,13,0,2.7,NA,1724183133
215,georgetown,5.4112,100.3354,26.96,88,20,2.57,MY,1724182901
216,bikenibeu village,1.3673,173.1241,27.98,74,75,2.06,KI,1724183135
217,timmins,48.4669,-81.3331,17.9,42,75,6.17,CA,1724183136
218,coahuayana de hidalgo,18.7,-103.6583,33.62,51,85,3.09,MX,1724183137
219,mount pearl,47.5166,-52.7813,25.81,80,40,10.8,CA,1724183124
220,maebashi,36.3911,139.0608,24.49,84,98,0.69,JP,1724183139
221,kolosovka,56.4678,73.611,11.58,93,6,2.52,RU,1724183140
222,cole harbour,44.6724,-63.4751,23.85,95,100,3.6,CA,1724183142
223,villa bruzual,9.3328,-69.1208,32.19,54,90,3.0,VE,1724183143
224,praia da vitoria,38.7333,-27.0667,26.53,73,20,2.48,PT,1724183144
225,alice springs,-23.7,133.8833,9.75,62,0,2.57,AU,1724183145
226,international falls,48.6011,-93.411,25.08,60,0,4.12,US,1724183146
227,gubin,51.9496,14.7284,19.64,73,9,2.88,PL,1724183147
228,goderich,43.7501,-81.7165,18.18,63,20,7.2,CA,1724183148
229,balykchy,42.4557,76.1861,16.0,73,0,0.89,KG,1724183149
230,selfoss,63.9331,-20.9971,13.36,71,61,1.39,IS,1724183150
231,bay city,43.5945,-83.8889,21.14,52,20,3.6,US,1724182878
232,elliot lake,46.3834,-82.6331,20.77,28,6,5.02,CA,1724183153
233,sarandi del yi,-33.35,-55.6333,12.75,86,96,6.77,UY,1724183154
234,markovo,57.3206,107.0881,12.01,96,0,1.04,RU,1724183155
235,mahina,-17.5065,-149.489,26.87,50,75,4.63,PF,1724183156
236,sinabang,2.4803,96.3801,25.66,79,100,3.45,ID,1724183157
237,port lincoln,-34.7333,135.8667,12.58,87,97,4.78,AU,1724183158
238,bubaque,11.2833,-15.8333,26.83,85,100,6.89,GW,1724182767
239,lillehammer,61.1146,10.4674,14.3,98,100,4.86,NO,1724183162
240,hadibu,12.65,54.0333,26.06,77,19,9.56,YE,1724183163
241,westport,41.1415,-73.3579,22.64,53,0,5.66,US,1724183165
242,karratha,-20.7377,116.8463,18.86,63,5,2.09,AU,1724183166
243,gizo,-8.103,156.8419,26.96,80,68,4.13,SB,1724183167
244,cabo san lucas,22.8909,-109.9124,33.17,51,20,5.14,MX,1724183051
245,vinhais,41.8351,-7.005,21.21,52,0,2.8,PT,1724183171
246,nova vicosa,-17.8919,-39.3719,25.1,65,17,4.78,BR,1724183172
247,maragogi,-9.0122,-35.2225,24.15,80,9,2.67,BR,1724183173
248,raj-nandgaon,21.1,81.0333,25.55,89,100,2.75,IN,1724183174
249,senahu,15.4,-89.8333,21.89,86,54,1.67,GT,1724183175
250,al abyar,32.19,20.5965,26.25,64,0,3.43,LY,1724183176
251,kavaratti,10.5669,72.642,25.9,90,100,8.32,IN,1724183178
252,alo,6.5486,4.2686,24.32,89,100,2.96,NG,1724183179
253,sisimiut,66.9395,-53.6735,6.53,68,71,8.22,GL,1724182740
254,warrnambool,-38.3833,142.4833,12.5,84,91,6.74,AU,1724183181
255,codrington,-38.2667,141.9667,11.49,90,96,5.78,AU,1724183183
256,kingston,17.997,-76.7936,34.53,63,20,11.32,JM,1724182929
257,dryden,49.7833,-92.7503,23.16,56,0,3.09,CA,1724183185
258,hilo,19.7297,-155.09,29.41,80,80,1.34,US,1724182981
259,padre bernardo,-15.35,-48.5,32.56,12,42,3.89,BR,1724183188
260,knysna,-34.0363,23.0471,13.71,91,1,1.66,ZA,1724183189
261,hannibal,39.7084,-91.3585,26.86,47,40,1.54,US,1724183190
262,yibin,28.7667,104.6238,26.6,74,53,0.62,CN,1724183191
263,constantia,44.1833,28.65,24.38,68,82,2.8,RO,1724183045
264,tofol,5.3248,163.0078,28.01,74,89,3.37,FM,1724183194
265,el abiodh sidi cheikh,32.893,0.5484,32.61,16,44,4.5,DZ,1724183195
266,tura,25.5198,90.2201,23.37,99,73,1.87,IN,1724183197
267,crane,31.3974,-102.3501,37.47,18,100,7.21,US,1724183198
268,urla,38.3229,26.764,25.78,52,0,1.0,TR,1724183199
269,kristiansund,63.1115,7.732,15.36,94,75,2.57,NO,1724183200
270,puerto francisco de orellana,-0.4667,-76.9667,33.03,55,75,1.03,EC,1724183201
271,berdigestyakh,62.0989,126.6992,16.45,69,100,1.75,RU,1724183202
272,newman,37.3138,-121.0208,35.41,13,0,2.89,US,1724182748
273,palapag,12.5458,125.1147,24.77,94,100,1.22,PH,1724183204
274,saipan,15.1355,145.701,26.39,83,40,5.66,MP,1724183206
275,orchard homes,46.8633,-114.0484,26.62,42,58,0.45,US,1724183207
276,coyhaique,-45.5752,-72.0662,7.08,73,100,0.32,CL,1724183208
277,orapa,-21.2833,25.3667,16.35,30,0,4.55,BW,1724183209
278,pampa del indio,-26.0647,-59.919,26.95,52,34,1.31,AR,1724183210
279,pimenta bueno,-11.6725,-61.1936,39.04,14,0,2.27,BR,1724183211
280,urangan,-25.3,152.9,18.69,80,41,2.54,AU,1724183212
281,luderitz,-26.6481,15.1594,14.4,71,2,4.6,NA,1724183213
282,arrifes,37.7667,-25.7,25.14,73,20,4.63,PT,1724183215
283,mayahi,13.9553,7.6712,27.01,61,24,2.08,NE,1724183216
284,nova sintra,14.8667,-24.7167,26.03,81,16,6.2,CV,1724183217
285,coquimbo,-29.9533,-71.3436,13.85,62,75,3.6,CL,1724182983
286,gbarnga,6.9956,-9.4722,22.28,99,100,2.4,LR,1724183219
287,hafar al-batin,28.4328,45.9708,37.32,13,0,2.06,SA,1724183221
288,laramie,41.3114,-105.5911,28.21,26,75,5.66,US,1724183222
289,namtsy,62.7161,129.6658,12.54,97,100,1.75,RU,1724183223
290,fort mcmurray,56.7268,-111.381,25.77,41,0,6.69,CA,1724183225
291,savanna-la-mar,18.219,-78.1332,29.35,78,53,1.54,JM,1724183226
292,meadow lakes,61.6247,-149.6011,13.68,66,0,0.45,US,1724183227
293,cabinda,-5.55,12.2,23.08,88,2,1.03,AO,1724183228
294,vila franca do campo,37.7167,-25.4333,26.23,81,32,0.89,PT,1724183229
295,hauterive,46.0901,3.4459,17.52,65,3,0.36,FR,1724183230
296,nouadhibou,20.931,-17.0347,26.99,78,63,5.66,MR,1724183231
297,holualoa,19.6228,-155.9522,25.91,94,40,3.6,US,1724183232
298,redencao,-4.2258,-38.7306,27.55,61,0,4.37,BR,1724183234
299,laguna,38.421,-121.4238,31.24,34,0,3.09,US,1724183235
300,rockland,41.1668,-74.0496,21.72,55,0,0.45,US,1724183236
301,flin flon,54.7682,-101.865,25.91,61,75,4.63,CA,1724183238
302,tolanaro,-25.0319,46.9987,22.04,60,40,9.77,MG,1724183239
303,adrar,20.5022,-10.0711,35.81,30,31,1.64,MR,1724183240
304,chicoana,-25.1009,-65.5331,13.03,47,5,3.25,AR,1724183241
305,kete krachi,7.7939,-0.0498,24.51,87,98,2.64,GH,1724183242
306,aldan,58.6031,125.3894,15.99,82,100,1.66,RU,1724183244
307,ribas do rio pardo,-20.4431,-53.7592,36.31,12,4,4.07,BR,1724183245
308,kargasok,59.0556,80.8572,11.27,89,98,0.84,RU,1724183246
309,severo-yeniseyskiy,60.3725,93.0408,9.49,97,100,1.76,RU,1724183247
310,concepcion,-36.827,-73.0498,10.89,62,40,5.14,CL,1724183185
311,morehead city,34.7229,-76.726,28.89,73,75,3.6,US,1724183249
312,queenstown,-31.8976,26.8753,16.58,17,2,3.95,ZA,1724183250
313,iwanai,42.9744,140.5089,16.41,96,22,2.5,JP,1724183252
314,vlore,40.4667,19.4897,24.68,70,92,2.29,AL,1724183253
315,mil'kovo,55.6078,37.7956,21.3,67,74,3.21,RU,1724183254
316,touros,-5.1989,-35.4608,25.55,77,9,5.99,BR,1724183255
317,sanctuary point,-35.1114,150.629,12.63,82,100,2.21,AU,1724183256
318,udachny,66.4167,112.4,12.45,81,62,2.68,RU,1724183257
319,muroto-misakicho,33.2833,134.15,28.32,83,7,4.82,JP,1724182735
320,cadale,2.7603,46.3222,25.2,81,100,10.96,SO,1724183259
321,keflavik,64.0049,-22.5624,11.24,76,0,3.09,IS,1724183260
322,shitanjing,39.2342,106.3439,20.59,51,65,1.17,CN,1724183262
323,dailekh,28.8333,81.6667,21.85,97,100,0.73,NP,1724183263
324,dudinka,69.4058,86.1778,10.15,85,54,1.43,RU,1724183264
325,kudat,6.8837,116.8477,27.96,83,23,1.03,MY,1724183265
326,namibe,-15.1961,12.1522,18.99,83,81,4.09,AO,1724183266
327,pacific grove,36.6177,-121.9166,26.82,76,0,2.57,US,1724183267
328,kupang,-10.1667,123.5833,25.32,83,57,3.6,ID,1724183268
329,tyukhtet,56.5389,89.3011,13.65,88,80,2.73,RU,1724183269
330,brookings,44.3114,-96.7984,17.84,97,100,3.09,US,1724183271
331,dosso,13.049,3.1937,27.63,71,93,3.68,NE,1724183272
332,mandalgovi,45.7625,106.2708,15.17,88,100,2.14,MN,1724183273
333,guajara mirim,-10.7828,-65.3394,36.09,38,40,2.06,BR,1724183274
334,oriximina,-1.7656,-55.8661,35.82,27,11,2.19,BR,1724183133
335,awjilah,29.1081,21.2869,33.69,28,0,5.12,LY,1724183276
336,arawa,-6.2132,155.5367,24.84,94,38,2.19,PG,1724183277
337,benalla,-36.55,145.9833,9.3,92,99,1.59,AU,1724183278
338,cam ranh,11.9214,109.1591,27.98,78,20,0.0,VN,1724183281
339,tondano,1.3038,124.9112,20.05,93,100,0.8,ID,1724183282
340,saint-joseph,-21.3667,55.6167,19.21,80,51,7.65,RE,1724182752
341,smidovich,48.6,133.8167,14.13,85,100,3.35,RU,1724183284
342,corner brook,48.9667,-57.9484,19.86,98,100,1.06,CA,1724183108
343,panacan,9.2463,118.4082,27.36,80,10,1.24,PH,1724183286
344,eraan,9.0629,117.7016,26.11,86,34,2.11,PH,1724183287
345,pitimbu,-7.4706,-34.8086,25.26,78,17,4.43,BR,1724183288
346,shibganj,24.6829,88.1598,26.0,91,8,1.9,BD,1724183290
347,kangding,30.0513,101.9603,13.4,87,12,2.45,CN,1724183291
348,mariestad,58.7097,13.8237,15.84,81,3,2.69,SE,1724183292
349,san jorge,-31.8962,-61.8598,9.77,96,100,3.65,AR,1724183293
350,lydenburg,-25.0978,30.4597,10.49,55,0,0.37,ZA,1724183294
351,lubango,-14.9172,13.4925,19.92,15,0,3.09,AO,1724183295
352,hotan,37.0997,79.9269,22.95,46,94,1.29,CN,1724183296
353,piranhas,-16.4269,-51.8222,36.0,12,6,2.42,BR,1724183297
354,almodovar,37.4959,-8.0937,26.63,45,0,6.93,PT,1724183299
355,lycksele,64.5954,18.6735,14.93,77,98,3.6,SE,1724183300
356,pisco,-13.7,-76.2167,19.03,100,0,4.06,PE,1724183301
357,port mathurin,-19.6833,63.4167,21.45,68,98,12.03,MU,1724183302
358,zhigalovo,54.8097,105.1578,12.5,96,2,0.48,RU,1724183303
359,bac lieu,9.285,105.7244,26.92,83,100,2.71,VN,1724183304
360,tinogasta,-28.0632,-67.5649,18.64,33,3,5.8,AR,1724183305
361,niwari,28.8833,77.5333,26.63,86,80,2.7,IN,1724183306
362,badger,64.8,-147.5333,9.09,74,75,6.69,US,1724183308
363,novo aripuana,-5.1206,-60.3797,39.74,18,83,1.52,BR,1724183309
364,tobruk,32.0836,23.9764,27.25,80,0,6.95,LY,1724183310
365,north platte,41.1239,-100.7654,30.6,59,40,5.66,US,1724183311
366,freetown,8.484,-13.2299,25.84,89,75,8.23,SL,1724183312
367,xiaoweizhai,26.1903,107.5125,21.63,96,0,1.18,CN,1724183313
368,yerofey pavlovich,53.9667,121.9667,10.98,77,5,0.73,RU,1724183314
369,kailua-kona,19.6406,-155.9956,27.98,87,40,3.6,US,1724183101
370,taitung city,22.7583,121.1444,26.68,70,100,3.83,TW,1724183317
371,shakawe,-18.3667,21.85,17.24,16,0,2.33,BW,1724183318
372,el jadid,33.2549,-8.506,22.5,87,99,3.47,MA,1724183319
373,waynesville,35.4887,-82.9887,25.06,40,0,0.89,US,1724183183
374,sitangkai,4.6628,119.3928,27.9,78,94,2.38,PH,1724183321
375,kayangel,8.0823,134.7173,29.04,71,75,1.11,PW,1724183322
376,kumi,36.1136,128.336,31.75,90,100,1.93,KR,1724183323
377,villa madero,19.4,-101.2667,20.04,84,98,0.44,MX,1724183324
378,mount gambier,-37.8333,140.7667,11.14,96,96,2.98,AU,1724183326
379,lagunas,-5.2269,-75.6753,35.46,38,10,0.78,PE,1724183327
380,nchelenge,-9.3451,28.734,21.9,42,0,1.74,ZM,1724183328
381,coro,11.4045,-69.6734,32.31,60,10,12.19,VE,1724183268
382,jabat,7.75,168.9751,28.12,75,100,4.35,MH,1724183330
383,chui,-33.6971,-53.4616,13.27,72,54,4.19,UY,1724183331
384,constitucion,-35.3333,-72.4167,10.0,57,0,2.98,CL,1724183156
385,faya-largeau,17.9257,19.1043,31.69,55,8,7.8,TD,1724183333
386,grambling,32.5276,-92.714,31.96,43,0,3.09,US,1724183334
387,qamdo,31.1667,97.2333,5.06,71,9,0.97,CN,1724183335
388,bardai,11.65,7.2333,21.47,92,100,3.39,NG,1724183337
389,ridder,50.355,83.5133,16.94,41,56,3.58,KZ,1724183338
390,kazanlak,42.6167,25.4,17.24,95,46,1.14,BG,1724183339
391,antsiranana,-12.2787,49.2917,22.35,64,0,8.79,MG,1724183340
392,paraty,-23.2178,-44.7131,24.15,74,0,1.55,BR,1724183341
393,kharan,28.5833,65.4167,32.92,17,2,1.65,PK,1724183342
394,yutan,28.25,112.55,25.32,89,0,1.22,CN,1724183343
395,tabou,4.423,-7.3528,24.53,87,100,5.5,CI,1724183344
396,moree,-29.4667,149.85,13.52,87,9,5.85,AU,1724183346
397,yuzhno-kurilsk,44.0306,145.8556,13.84,86,16,1.08,RU,1724183347
398,galliano,29.4422,-90.2992,33.0,49,0,1.54,US,1724183348
399,beni saf,35.301,-1.3823,26.38,68,5,0.96,DZ,1724183349
400,saynshand,44.8824,110.1163,17.56,78,1,4.35,MN,1724183350
401,mukalla,14.5425,49.1242,29.68,71,49,0.95,YE,1724183351
402,goianapolis,-16.5106,-49.0239,31.6,16,0,3.22,BR,1724183352
403,erzincan,39.75,39.5,26.61,36,0,1.03,TR,1724183353
404,mejit,10.2753,170.8646,28.1,79,44,5.53,MH,1724183355
405,mugia,43.1041,-9.2179,19.95,81,73,9.15,ES,1724183357
406,middelburg,-25.7751,29.4648,15.06,34,0,1.69,ZA,1724183358
407,zaozersk,69.4005,32.4476,9.45,81,39,1.56,RU,1724183359
408,corning,42.1428,-77.0547,17.81,67,100,2.06,US,1724183269
409,bull savanna,17.8868,-77.5902,30.43,61,0,9.79,JM,1724183361
410,vacaria,-28.5122,-50.9339,23.73,67,7,2.33,BR,1724183362
411,sremski karlovci,45.2025,19.9344,26.16,50,74,0.45,RS,1724183364
412,nizhneudinsk,54.9076,99.0276,13.1,91,63,1.52,RU,1724183365
413,yinchuan,38.4681,106.2731,22.99,43,5,1.04,CN,1724183366
414,vilyuchinsk,52.9306,158.4028,7.15,86,100,3.6,RU,1724183362
415,robore,-18.3333,-59.75,36.05,41,14,0.0,BO,1724183368
416,trincomalee,8.5711,81.2335,27.79,79,100,3.28,LK,1724183369
417,pasuquin,18.3328,120.6177,26.97,89,75,2.06,PH,1724183370
418,shahba,32.8551,36.629,23.65,51,0,4.41,SY,1724183371
419,antofagasta,-23.65,-70.4,14.6,88,79,4.38,CL,1724183115
420,carnarvon,-24.8667,113.6333,17.17,76,0,4.81,AU,1724183374
421,gambiran satu,-8.3939,114.1464,20.7,93,97,1.59,ID,1724183375
422,klaksvik,62.2266,-6.589,10.33,92,100,7.19,FO,1724183376
423,cartagena,10.3997,-75.5144,31.79,74,40,4.63,CO,1724183296
424,edmundston,47.3737,-68.3251,16.13,82,100,4.63,CA,1724183378
425,fale old settlement,-9.3852,-171.2468,27.77,82,100,11.29,TK,1724183379
426,lae,-6.7221,146.9847,22.7,94,100,2.9,PG,1724183381
427,pankovka,58.5,31.1999,13.53,74,100,1.73,RU,1724183383
428,san patricio,28.017,-97.5169,37.97,32,25,4.17,US,1724183384
429,la sarre,48.8002,-79.1996,18.72,33,44,5.78,CA,1724183385
430,maracacume,-2.0428,-45.9592,29.54,57,100,4.01,BR,1724183386
431,nueva gerona,21.8833,-82.8,32.74,55,28,1.81,CU,1724183387
432,arar,30.9753,41.0381,35.01,8,0,4.12,SA,1724183388
433,nykoping,58.753,17.0079,16.16,77,0,3.09,SE,1724183389
434,khadan khak,30.7477,67.7085,23.79,47,0,1.61,PK,1724183390
435,raduzhny,62.0961,77.475,15.53,72,94,0.71,RU,1724183392
436,alofi,-19.0595,-169.9187,23.94,94,75,2.06,NU,1724183393
437,mbandaka,0.0487,18.2603,21.66,95,72,0.65,CD,1724183394
438,bayanhongor,46.7167,100.1167,12.65,68,100,1.22,MN,1724183395
439,margate,51.3813,1.3862,18.82,55,91,9.84,GB,1724183396
440,lilongwe,-13.9669,33.7873,19.57,43,2,2.38,MW,1724183397
441,urzhar,47.093,81.6294,19.89,29,3,2.85,KZ,1724183398
442,taksimo,56.3444,114.8794,18.6,79,100,1.36,RU,1724183399
443,yeniseysk,58.4497,92.1703,12.45,97,67,1.55,RU,1724183400
444,port macquarie,-31.4333,152.9167,15.6,94,100,1.34,AU,1724183402
445,wau,7.7029,27.9953,21.14,97,100,1.35,SS,1724183403
446,veraval,20.9,70.3667,27.53,87,100,3.29,IN,1724183404
447,skowhegan,44.7651,-69.7192,19.69,69,100,4.64,US,1724183405
448,puerto aysen,-45.4,-72.7,8.05,89,100,0.29,CL,1724183407
449,ballina,-28.8667,153.5667,16.06,90,9,4.63,AU,1724183408
450,belmonte,-15.8631,-38.8828,24.57,71,47,2.2,BR,1724183409
451,mariental,-24.6333,17.9667,20.25,10,0,4.59,NA,1724183411
452,chernyshevskiy,63.0128,112.4714,13.08,96,100,2.21,RU,1724183412
453,dongcun,36.7767,121.1597,24.66,96,100,0.98,CN,1724183413
454,shenjiamen,29.9576,122.298,27.75,86,51,10.87,CN,1724183414
455,saint-louis,16.3333,-15.0,32.78,46,96,6.81,SN,1724183415
456,mamuju,-2.6748,118.8885,25.3,89,93,1.4,ID,1724183417
457,la passe,45.5549,-0.8967,18.74,82,73,6.43,FR,1724183418
458,thrissur,10.5167,76.2167,24.43,98,100,1.94,IN,1724183420
459,skive,56.5667,9.0333,16.2,90,100,0.45,DK,1724183421
460,polyarnyy,69.1989,33.4478,10.85,77,8,3.14,RU,1724183422
461,as sulayyil,20.4607,45.5779,31.08,43,86,6.66,SA,1724183423
462,savalou,7.9281,1.9756,23.1,91,97,1.13,BJ,1724183424
463,tindouf,27.6711,-8.1474,38.25,28,40,4.12,DZ,1724183425
464,huancavelica,-12.7667,-74.9833,11.1,33,88,4.06,PE,1724183426
465,turpan,42.9333,89.1667,31.47,30,89,0.52,CN,1724183427
466,kapit,2.0167,112.9333,23.31,99,100,0.5,MY,1724183429
467,nar'yan-mar,67.6713,53.087,6.49,98,53,2.98,RU,1724183430
468,prado,-17.3411,-39.2208,24.4,72,33,4.12,BR,1724183431
469,lokomotivnyy,53.0118,60.5684,13.46,90,100,3.1,RU,1724183432
470,kidal,18.4411,1.4078,35.23,37,0,1.89,ML,1724183435
471,labuan bajo,-8.4964,119.8877,23.15,87,32,1.69,ID,1724183436
472,tralee,52.2704,-9.7026,12.25,84,24,5.19,IE,1724183438
473,karatau,43.1667,70.4667,21.17,27,3,2.8,KZ,1724183439
474,makarov,48.6333,142.8,14.76,80,54,2.83,RU,1724183440
475,summerside,46.3959,-63.7876,26.07,73,47,7.72,CA,1724183210
476,al kharijah,25.4514,30.5464,33.27,19,0,3.99,EG,1724183443
477,jiayuguan,39.8167,98.3,20.52,37,100,1.68,CN,1724183444
478,coari,-4.085,-63.1414,33.82,35,94,1.34,BR,1724183360
479,susuman,62.7833,148.1667,10.76,82,100,0.93,RU,1724183446
480,zeya,53.75,127.2667,11.68,74,0,1.19,RU,1724183447
481,nuku'alofa,-21.1333,-175.2,19.19,94,20,1.54,TO,1724183448
482,salmon arm,50.6998,-119.3024,26.84,38,55,1.03,CA,1724183449
483,grand falls-windsor,48.9332,-55.6649,14.17,93,100,0.89,CA,1724183450
484,bellmere,-27.0875,152.923,15.21,98,20,1.21,AU,1724183452
485,kotdwara,29.75,78.5333,24.3,93,95,1.54,IN,1724183453
486,borjomi,41.8527,43.4128,16.99,78,0,2.25,GE,1724183454
487,flying fish cove,-10.4217,105.6791,24.82,83,75,5.66,CX,1724183455
488,grand-bourg,15.8835,-61.3148,27.84,81,1,6.76,GP,1724183456
489,labrador city,52.9463,-66.9114,16.95,41,40,7.15,CA,1724183457
490,toliara,-23.35,43.6667,22.77,48,0,7.2,MG,1724183458
491,prince george,53.9166,-122.753,17.57,72,100,6.69,CA,1724183222
492,muisne,0.6,-80.0333,24.88,80,75,5.98,EC,1724183461
493,okeho,8.0333,3.35,21.93,90,90,1.91,NG,1724183462
494,thaton,16.9206,97.3714,24.66,95,100,1.83,MM,1724183463
495,carl junction,37.1767,-94.5655,28.45,54,89,3.97,US,1724183464
496,anta,25.15,76.3,26.2,85,100,1.7,IN,1724183465
497,inirida,3.8653,-67.9239,31.49,57,100,1.22,CO,1724183466
498,tommot,58.9564,126.2925,16.16,94,100,0.24,RU,1724183467
499,vodnyy,63.5046,53.4095,10.95,98,100,1.74,RU,1724183468
500,fayetteville,35.0527,-78.8784,28.53,63,75,4.63,US,1724183179
501,mezhdurechenskiy,59.6,65.9333,15.65,67,100,1.22,RU,1724183471
502,ceiba,18.4463,-66.3507,31.8,79,22,1.34,PR,1724183472
503,guarapari,-20.6667,-40.4975,24.29,75,8,5.73,BR,1724183473
504,priargunsk,50.3691,119.1012,14.85,64,100,1.04,RU,1724183474
505,weligama,5.9667,80.4167,28.28,90,93,2.86,LK,1724183475
506,aykol,38.1751,77.2132,21.17,49,36,1.59,CN,1724183476
507,nuuk,64.1835,-51.7216,7.34,65,75,5.66,GL,1724183477
508,bonnyville,54.2668,-110.735,26.55,35,3,3.65,CA,1724183479
509,bel ombre,-4.6167,55.4167,25.91,83,20,4.12,SC,1724183480
510,daru,-9.0763,143.2092,25.21,87,100,7.89,PG,1724183481
511,banda aceh,5.5577,95.3222,25.87,73,99,5.15,ID,1724183482
512,south hill,47.1412,-122.2701,17.59,92,0,1.54,US,1724183483
513,howard springs,-12.497,131.047,23.79,91,6,1.31,AU,1724183484
514,ancud,-41.8697,-73.8203,9.96,60,49,1.22,CL,1724183485
515,douentza,14.9951,-2.9517,31.29,51,9,3.25,ML,1724183487
516,ispir,40.4829,40.9956,24.29,48,57,2.41,TR,1724183488
517,tadine,-21.55,167.8833,18.92,66,13,4.41,NC,1724183489
518,itoman,26.1247,127.6694,29.43,89,100,4.63,JP,1724183490
519,salalah,17.0151,54.0924,24.05,100,100,2.06,OM,1724183492
520,rapid city,44.0805,-103.231,32.48,41,0,4.47,US,1724183325
521,egilsstadir,65.2653,-14.3948,6.95,76,75,6.69,IS,1724183494
522,jining,35.405,116.5814,22.61,91,0,1.35,CN,1724183496
523,esperanza,19.5847,-70.9849,34.61,58,4,3.13,DO,1724183497
524,lauro de freitas,-12.8944,-38.3272,27.01,57,20,4.12,BR,1724183281
525,pelotas,-31.7719,-52.3425,15.01,92,100,4.12,BR,1724183340
526,kadiri,14.1167,78.1667,26.98,73,93,2.48,IN,1724183500
527,ambon,-3.6954,128.1814,26.6,95,40,3.09,ID,1724183501
528,ola,59.5833,151.2833,12.38,81,100,0.75,RU,1724183502
529,makurazaki,31.2667,130.3167,25.23,92,93,2.42,JP,1724183503
530,sao tome,0.3365,6.7273,24.32,86,65,5.06,ST,1724183504
531,cody,44.5263,-109.0565,31.12,27,0,3.6,US,1724183506
532,dongsheng,39.8161,109.9776,18.08,63,1,1.32,CN,1724183507
533,rabigh,22.7986,39.0349,33.79,50,99,3.78,SA,1724183508
534,karatuzskoye,53.6072,92.8667,12.41,70,3,1.25,RU,1724183510
535,businga,3.3333,20.8833,22.25,98,98,0.91,CD,1724183511
536,majene,-3.5403,118.9707,23.99,89,98,5.16,ID,1724183512
537,san felipe,10.3399,-68.7425,32.66,42,100,3.17,VE,1724183513
538,shingu,33.7333,135.9833,25.42,89,50,2.16,JP,1724183515
539,envira,-7.3,-70.2167,29.8,52,100,3.17,BR,1724183516
540,cockburn town,21.4612,-71.1419,28.6,80,0,8.26,TC,1724183226
541,moussoro,13.6408,16.4901,28.83,66,80,4.32,TD,1724183518
542,linxia chengguanzhen,35.6003,103.2064,13.58,50,1,1.84,CN,1724183520
543,zyrya,40.3661,50.2917,21.05,56,1,2.37,AZ,1724183522
544,ilebo,-4.3167,20.5833,26.52,28,30,0.17,CD,1724183523
545,gitarama,-2.0744,29.7567,20.29,40,94,0.87,RW,1724183524
546,filadelfia,39.9523,-75.1638,22.78,51,75,7.2,US,1724183227
547,betio village,1.358,172.9211,28.02,69,87,6.44,KI,1724183526
548,paciran,-6.8767,112.3761,23.22,80,39,4.39,ID,1724183527
549,celestun,20.8667,-90.4,30.76,65,4,6.18,MX,1724183528
550,pechora,65.1472,57.2244,11.19,78,69,2.53,RU,1724183229
551,santa maria del oro,25.9333,-105.3667,28.28,36,100,4.88,MX,1724183530
552,toyooka,35.5333,134.8333,24.16,90,98,1.61,JP,1724183532
553,falmouth,50.1544,-5.0711,15.32,77,20,5.66,GB,1724183361
554,ondangwa,-17.9167,15.95,20.04,12,0,3.72,NA,1724183534
555,marka,1.7159,44.7717,24.83,84,96,9.77,SO,1724183535
556,voi,-3.3945,38.563,20.86,82,9,5.53,KE,1724183536
557,port moresby,-9.4431,147.1797,24.68,83,75,2.57,PG,1724183537
558,cidreira,-30.1811,-50.2056,15.97,91,100,6.23,BR,1724183538
559,kamensk-ural'skiy,56.4185,61.9329,12.78,94,46,3.29,RU,1724183370
560,bada,51.392,109.8717,16.12,89,100,1.4,RU,1724183541
561,gutierrez zamora,20.45,-97.0833,31.44,62,24,4.01,MX,1724183542
562,uravakonda,14.95,77.2667,27.36,75,100,3.22,IN,1724183543
563,nishinoomote,30.7333,131.0,28.4,85,13,3.95,JP,1724183544
564,altay,47.8667,88.1167,15.66,27,0,3.27,CN,1724183545
565,la serena,-29.9078,-71.2542,13.73,71,75,3.6,CL,1724183527
566,loukhi,66.0764,33.0381,11.77,65,77,1.92,RU,1724183547
567,kolwezi,-10.7148,25.4667,17.97,29,0,2.16,CD,1724183548
568,huron,41.1501,-82.5499,20.51,56,38,6.08,US,1724183549
569,amga,60.8953,131.9608,14.59,99,100,0.17,RU,1724183551
570,tirat karmel,32.7617,34.9719,26.99,75,0,2.32,IL,1724183552
571,luza,60.6308,47.2512,10.73,84,7,3.82,RU,1724183553
572,tucupita,9.0622,-62.051,34.62,46,54,4.38,VE,1724183554
573,jaguarari,-10.2639,-40.1958,23.13,52,9,3.33,BR,1724183555
574,palikir - national government center,6.9248,158.1611,23.41,94,40,2.57,FM,1724183556
575,ndibene dahra,15.3338,-15.4766,29.31,67,100,4.29,SN,1724183557
576,maiduguri,11.8464,13.1603,24.99,80,95,2.89,NG,1724183558
577,darwin,-12.4611,130.8418,23.83,92,7,1.03,AU,1724183560
578,ribadavia,42.288,-8.1436,19.95,72,100,3.07,ES,1724183561
579,barretos,-20.5572,-48.5678,32.85,15,0,1.38,BR,1724183316
580,saint-philippe,-21.3585,55.7679,20.19,80,78,7.32,RE,1724183564
581,new norfolk,-42.7826,147.0587,9.4,99,100,1.17,AU,1724183565
582,hirara,24.8,125.2833,28.92,94,20,4.12,JP,1724183566
583,zambezi,-13.5432,23.1047,17.32,12,0,2.95,ZM,1724183567
584,rabo de peixe,37.8,-25.5833,25.73,73,20,4.63,PT,1724183569
585,ghadamis,30.1337,9.5007,37.11,16,0,4.97,LY,1724183570
586,issia,6.4922,-6.5856,22.27,98,100,2.47,CI,1724183571
587,resplendor,-19.3256,-41.2553,30.21,31,6,2.08,BR,1724183572
